{
  "tests": [
    {
      "name": "Rspec",
      "setup": "gem install bundle && bundle install",
      "run": "sudo bundle exec rspec",
      "input": "",
      "output": "",
      "comparison": "included",
      "timeout": 10,
      "points": 40
    },
    {
      "name": "Cucumber",
      "setup": "gem install bundle && bundle install && yarn install",
      "run": "sudo bundle exec cucumber",
      "input": "",
      "output": "",
      "comparison": "included",
      "timeout": 10,
      "points": 40
    }
  ]
}